id,number of sources it appears,annotation count
84,167,2856198
103,81,144947
118,100,644753
138,34,51469
168,25,480377
169,25,205990
170,31,125640
171,41,139352
172,29,23916
173,29,34528
174,26,133279
175,39,27852
176,25,142868
177,31,74586
178,25,21995
179,44,55685
180,27,495
423,38,12438
428,41,18913
435,26,26738
503,54,160046
780,20,13750
804,19,3198
956,15,936
974,20,44065
1403,47,118171
1411,35,14000
1412,48,397266
1415,48,22024
1423,22,7851
1426,43,29025
1427,43,14989
1432,52,4871135
1433,50,325273
1442,51,78745
1453,25,35712
1647,96,33454
2011,20,14430
2461,20,7943
2590,13,3133
2594,8,1396
2598,4,152
107,48,250842
460,60,3917
1405,30,32793
1408,30,45168
1410,20,8252
1413,29,26904
1414,21,5503
1416,30,9705
1417,30,15622
1424,26,2897
1425,21,4364
1429,30,6759
1431,12,7194
1434,28,58841
1436,25,3848
1437,30,2767
1439,30,4698
1448,16,17940
1454,26,3048
1455,31,571
1459,24,74974
1593,27,52631
1594,27,51985
1596,29,109325
1597,23,4316
1602,23,3707
1603,28,5678
1605,20,2068
1648,19,3062
2089,10,5613
2092,19,1251
82,100,4135700
101,104,924230
167,5,120158
181,7,43340
182,11,958204
463,15,114780
74,47,226309
79,48,64085
81,101,634020
110,22,80397
147,30,22052
183,12,11449
474,19,18484
1781,6,3773
2168,8,15034
2543,21,79562
3123,2,4323
3238,5,11845
3239,6,7752
3240,5,10209
3243,5,1169
3244,5,318
3245,2,8
3246,5,1038
3247,2,379
96,39,294074
102,66,110465
222,55,305688
310,11,40373
311,9,6583
312,9,65431
337,5,658
361,8,750
487,6,232
511,7,764
512,7,539
523,31,34877
526,6,9108
549,5,34433
584,11,36391
978,1,8
994,2,3685
1026,4,13836
1118,1,1
1469,3,414
1487,3,152
1499,2,25552
1540,5,13729
1662,2,34367
1758,3,7
1799,7,491
1853,14,14474
2533,1,1068
2828,3,5064
3395,1,919
3397,1,75
3444,1,23288
3445,1,2759
3446,1,29
3447,1,234
3448,1,8
3449,1,24
3474,1,25
3485,1,578
3486,1,1566
3487,1,702
3489,1,211
3490,1,2638
3491,1,17
3494,1,4
3495,1,5
3496,1,248
3497,1,120
3498,1,34
3501,1,8
3511,1,1469
3512,1,9
3513,1,7
3592,1,54
3593,1,992
3594,1,155
3595,1,19
3596,1,3
3609,1,1
3611,1,22
3612,1,1
3615,1,2159
3616,1,59
3617,1,946
3618,1,233
3619,1,499
3620,1,1007
3622,1,15
3623,1,67
3624,1,88
3629,1,13
3733,1,227
3734,1,22
3735,1,1
3736,1,15
3801,1,5191
3810,1,11
3811,1,91
3812,2,114
3815,1,23
3816,1,10
3822,1,3
4108,1,240
131,19,69857
133,41,40963
322,9,68323
323,7,10443
342,29,3594
440,28,23436
450,40,20277
687,6,5434
1162,30,8172
1163,6,879
2217,10,1384
2416,7,618
438,38,98908
444,40,321206
448,27,9205
508,7,196
1040,6,3310
1457,40,140173
1828,14,815
1848,3,3739
89,24,125621
105,52,144803
124,51,218313
353,8,184
439,26,2143
635,19,25861
638,8,986
1827,23,73348
2182,2,40
2184,2,259
2185,10,3367
2206,2,150
2208,1,68
2214,2,110
2216,4,344
2465,5,187
145,19,616
403,48,79645
434,6,7483
1041,10,417
2464,5,581
2201,9,177
2209,3,2466
2193,6,629
2200,1,36
1407,13,5429
1440,14,2730
1441,11,8288
1456,14,1921
1600,12,216
1601,16,4091
1607,13,9347
1649,17,1959
1651,9,252
1704,11,7151
65,11,477
69,22,2207
128,20,18464
193,12,325
200,15,275
221,10,3654
344,8,158
602,15,6716
611,2,109
612,2,23
622,4,23792
624,6,95
627,4,49
694,2,54
1270,8,17540
1294,13,75896
1295,12,31878
1299,9,1591
1300,10,2784
1306,12,60762
1307,11,25056
1310,6,636
1317,9,5518
1330,9,1241
1331,12,40158
1332,9,5970
1336,9,60177
1341,21,29978
1346,16,13429
1349,18,53483
1350,14,3091
1804,1,71
1868,10,989
2050,6,2458
2051,11,20040
2291,1,45
2292,1,328
2293,1,178
2317,1,2
2327,1,9
2328,1,21
2329,2,54
2340,1,52
2341,1,18
2351,2,275
2363,2,5728
2418,16,97
2572,3,1243
2621,2,115
2624,5,231
2656,4,813
3287,1,43
3291,1,10178
3292,1,856
3307,1,27
3314,1,32
3368,1,208
3376,1,304
3380,1,1594
3381,1,2
3412,1,17
3413,1,331
3539,1,1
3614,1,9
95,26,350389
220,9,2310
227,29,1951
347,2,22
401,19,24564
456,16,4420
465,9,754
468,2,71
532,25,43420
951,2,182
1115,3,4826
1145,12,3668
1146,11,12856
1178,8,771
1329,10,4258
1354,19,53423
1397,29,14012
1815,1,213
1873,10,48737
2473,8,22986
2537,2,1614
2888,2,196
3012,1,44
3268,3,89
3316,1,39
3443,1,888
63,32,9270
64,18,663
66,25,7610
67,27,5652
78,10,104
104,7,912
143,23,62177
218,9,1080
226,3,552
239,16,10907
324,7,3759
325,10,3594
369,6,20754
417,1,40
418,4,11
419,8,229
421,1,2
422,4,19
425,5,3689
426,4,27
429,22,49666
433,3,54
441,25,2130
442,30,6030
443,13,111
445,2,143
447,3,1517
449,18,8161
451,10,1837
452,5,4366
454,1,2
555,3,36
558,1,64
559,1,130
560,1,222
561,1,234
562,1,1
563,2,82
564,6,662
113,18,24365
114,5,100
981,5,1497
982,28,11808
1252,2,65
1357,14,7264
1358,7,30
1371,2,18
1467,3,2033
1488,8,3329
1742,14,6082
1919,3,99
2546,8,8538
3241,3,3268
3242,2,2
3260,3,12397
3266,1,87
3269,2,305
1264,13,20181
1265,8,25693
1267,8,1043
1282,5,278
1296,5,2076
1308,8,7613
1309,6,205
1311,5,51
1313,4,236
1323,11,2814
1325,10,10551
1327,12,9269
1333,6,10115
1337,14,164046
1338,13,19185
1340,19,328486
1342,12,24762
1345,14,5656
1348,19,1468571
1352,14,14873
94,20,35189
111,14,14463
148,9,678
336,2,502
376,6,1402
377,7,6852
378,4,2212
379,5,486
380,4,864
381,5,17905
382,12,622
383,2,8
384,2,29
385,2,41
386,1,9
387,7,1184
388,3,1243
390,6,529
392,2,25023
393,2,5261
394,6,4886
395,5,19065
397,4,158
398,2,5444
400,4,1735
402,2,6514
404,5,58952
405,2,417
406,2,243
407,2,686
408,3,4742
409,3,3810
410,2,5502
411,2,919
412,2,1012
413,2,1007
414,2,541
415,2,1200
416,2,11741
457,2,1303
458,2,7130
459,4,793
462,5,383
556,3,16115
565,2,438
696,3,4910
697,2,1248
794,2,90
795,5,2383
817,4,305
871,3,1027
1190,1,255
1191,4,3019
1258,3,813
58,22,1012
59,45,58302
60,25,11677
61,27,18187
62,41,16364
68,27,17004
70,43,104108
71,18,1375
72,35,21962
73,48,221968
75,30,2500
99,19,8872
115,27,8932
116,31,24045
117,20,15505
130,20,1747
150,11,9850
164,15,1506
185,16,6815
190,20,1396
194,11,757
196,5,36
199,27,3582
201,11,2157
554,20,7045
608,8,54
610,3,1675
623,12,2202
760,17,2457
2037,6,4219
3007,1,94634
3010,1,1714
3366,1,409
88,22,69451
134,9,1965
204,18,54143
243,5,113
461,19,15238
637,13,1205
2513,2,24026
3437,1,394
3438,4,1166099
3440,1,1054
3453,1,20357
3455,1,136
119,32,7135
142,12,1842
420,6,36
431,5,1634
446,19,9661
453,3,14
515,57,264129
1034,14,392
1791,11,958
1823,6,15
1824,9,169
1852,18,70114
1869,12,1371
1980,10,2404
2025,6,77
2186,3,489
2417,12,872
2423,6,3543
2425,13,2387
3324,3,53
3382,3,153
3383,3,105
3398,3,21
3399,2,24
3400,1,5
3401,2,2
3402,5,12
3411,3,15
427,5,3468
2859,2,24
1438,4,27478
1443,6,1626
1445,3,7
1446,8,655
1598,3,127
1599,3,41
1650,7,3014
1654,6,765
1703,6,3476
1754,3,392
184,30,131842
1030,13,76
1854,12,9649
2033,5,157
2072,5,2688
2073,4,106
3409,1,2
1035,7,487
2013,11,1032
2415,9,179
97,6,165
146,11,4427
466,4,221
467,7,11479
469,5,81
470,1,15
472,5,298
473,7,17874
475,4,191
476,3,57
477,2,5
478,1,35
479,1,25
480,5,538
481,6,513
482,7,184
483,6,8936
484,6,3226
485,5,2335
488,5,239
489,3,433
490,3,20
491,5,80
492,2,222
493,2,74
494,2,33
495,4,248
496,6,946
497,4,701
499,2,22
501,5,4519
502,5,1868
504,8,14961
505,7,7075
506,6,1379
507,1,15
509,3,941
510,3,63
513,2,25
514,6,3774
516,6,134057
517,5,1715
518,4,47
519,10,2697
520,5,2826
521,10,2285
522,9,99869
524,18,236131
525,4,1696
527,17,4577
529,5,652
533,8,12794
534,2,39
535,3,243
537,3,11
539,2,63
540,1,22
541,5,519
542,6,571
543,10,3184
545,4,80
546,4,93
547,1,15
550,4,47
551,4,1407
552,3,245
553,2,3
557,5,2474
807,1,88
808,1,710
819,1,11
966,2,3
973,3,734
975,1,85
986,3,20
987,1,2
1042,1,47
1043,3,313
1044,1,19
1052,1,8
1106,1,2
1122,2,179
1172,1,5
1807,6,617
1865,5,567
2075,1,3
3405,1,1
3407,1,3
3408,1,2
3410,1,3
139,12,19384
498,4,81
993,3,93
1183,8,566
1188,5,1971
1359,6,204
1360,8,439
1365,5,22
1366,5,23
1368,13,12074
1369,12,20488
1370,11,34796
1374,8,95451
1376,8,414
1380,4,1248
1381,5,1473
1383,4,833
1385,4,260
1800,2,573
1802,10,17603
1855,3,535
2102,5,4549
2167,3,741
2450,3,1645
2453,7,17732
2455,3,1870
2539,7,8529
2562,6,1982
2644,7,101386
2653,5,36
2964,4,466
3014,3,524
1293,8,4254
1297,5,62
1298,4,192
1301,5,54
1316,5,1281
1321,9,1498
1324,7,535
1326,4,20
1334,5,13
1335,8,1882
1344,5,1219
1355,8,919
1974,9,13607
3509,1,17
3510,1,164
625,3,161407
1863,2,3
2100,10,21607
3210,3,417
76,6,184
136,3,583
151,10,7215
187,24,17407
192,16,836
206,3,219
216,11,5920
370,8,18978
774,7,5240
778,2,16
793,3,144799
968,4,4862
971,3,332
972,6,2699
1585,2,173
1762,2,213
1763,2,260
1764,8,2565
2032,2,910
2035,3,425
2036,3,304
2038,3,108
2039,4,109
2043,2,59
2060,2,687
2061,2,379
2078,2,18
2079,2,61
2080,2,3
2081,4,128
2136,2,22
212,9,7914
1861,2,11
2469,2,12282
2490,6,370
3525,1,32
331,4,36
600,4,1706
988,10,3046
1447,3,50
1561,3,27722
1564,3,192
1583,3,346
1586,2,38838
1857,2,337
2064,1,188
2362,1,518
2454,8,18913
3100,2,444
3106,2,9614
3515,1,303
3516,1,1188
3517,1,66
3518,2,189
3519,1,134
3521,1,23
3522,2,515
98,5,2263
436,3,90
437,4,1536
1128,7,25906
1164,3,79
1867,1,1
1915,3,708
1918,3,20
1924,12,5046
1933,2,82
1979,7,16823
1981,3,26
2012,3,6
2077,2,22
2127,1,2
2219,3,334
2220,1,275
2230,11,11223
2538,5,238
2785,4,808
2800,2,25
3208,5,1936
267,2,17
197,4,6
1187,11,38303
1364,5,2343
1378,7,386
1743,6,1013
1772,8,2743
1788,9,2217
2659,6,4848
80,44,106197
91,22,77529
2134,6,3458
137,7,8426
189,13,1025
350,1,5
983,5,9850
1610,5,34
1996,3,613
2446,2,57013
2779,4,941
2143,2,242
3267,1,10
3330,1,1
3482,1,8
3563,3,2829
3565,1,12
3566,1,13
3567,1,25
3568,1,8
3569,1,1
3573,1,1
3574,1,7
3575,1,97
3576,1,92
3578,1,6
3587,1,8922
3588,1,2865
3591,1,380
3558,1,6
92,18,107906
153,2,507
238,9,583
274,3,488
288,2,19
373,1,206
586,2,220
592,3,95775
593,2,9
594,4,25
595,8,11485
596,2,406
2541,5,147
3215,1,7256
3248,1,1654
3250,1,15
3251,1,521
3259,1,1069
3535,1,33227
3581,3,81
3582,1,260
3585,2,319
3586,1,191
237,13,114920
281,8,240
599,1,634
601,3,50
603,3,1108
606,4,686
607,4,31
613,2,26
614,4,103
615,2,140
616,2,22
617,1,1
621,4,3543
224,3,39
777,6,1685
791,4,6077
2057,3,249
2235,3,6746
2485,6,986
2495,5,330
2496,6,537
2843,4,6135
132,7,7493
605,5,315
1604,2,859
266,3,901
360,5,1205
1004,5,19585
1012,4,2191
1056,2,54
1840,2,772
1914,3,2551
2164,7,14468
3212,1,24
3484,3,6240
3649,1,3986
3650,1,10
3654,1,1272
3656,1,598
3657,1,1105
3658,1,514
3665,1,46
3666,1,370
3667,1,1
3672,1,9
3677,1,467
3686,2,205
3688,1,28
3689,1,80
3690,1,127
3693,1,15
3695,1,6
3698,1,1934
3700,1,54
3703,1,49
3704,1,453
3705,1,70
3706,1,21
3707,1,306
3708,1,9
3709,1,8
3714,1,10128
3715,1,1
3546,1,6606
3547,1,733
3548,1,196
2022,3,21
3209,4,2350
3630,1,201
3631,1,134
3632,1,163
3633,1,188
3634,1,650
108,3,732
597,5,1820
1138,6,410
3097,2,760
3295,3,618
3638,1,548
3639,1,47
3640,1,17
3641,2,5465
3645,2,4756
3716,1,1
1871,9,221571
1872,5,701
1877,9,10841
1878,7,13471
1883,8,18428
1884,5,2906
1886,10,89084
1887,11,67962
1888,9,363
1889,10,13329
1895,11,29611
1896,7,1972
1898,7,3390
1899,9,63325
1901,5,207
1903,10,61172
1905,8,22356
1906,8,16819
3643,1,823
3644,1,1182
83,6,488098
234,2,180
236,5,3445
242,9,32754
294,2,217
304,4,9108
327,3,94
343,2,2699
1133,4,33345
1856,2,48
2447,3,1197
2452,1,2884
2865,2,19
2878,2,89
3603,1,2587
321,4,8338
2087,3,25242
2225,2,87
3538,2,626
2474,1,10527
2960,1,1005
3711,1,18
3793,1,35
1125,12,4548
1882,6,49386
1885,9,8492
2787,5,24255
3333,1,512
3932,3,1813
4117,1,50294
4120,1,3512
811,4,293
1829,6,11070
3797,1,228
3798,1,611
3799,1,1051
3800,1,113
1874,5,1251
1876,3,489
1880,3,2055
1881,1,2
1890,4,67
1891,7,6661
1892,6,317
1893,6,242
1894,8,1463
1900,2,18
1902,4,16228
2795,3,9824
165,1,87
432,4,410
634,5,67
665,2,171
682,2,48
781,3,59809
782,5,7007
1061,6,7213
1174,2,13
1435,2,92
1549,1,16
1556,3,322
1560,3,1929
1563,3,812
1566,2,161
1644,4,15671
1711,3,1934
1795,6,2827
1911,12,60404
1926,2,1394
1936,2,1106
1949,3,142
1961,2,238
1968,2,157
1985,2,2
1988,2,27
2001,4,25
2018,3,346
2047,5,4921
2048,4,302
2055,6,166
2110,1,23
2119,3,2810
2332,1,20
2379,1,6
2532,2,2490
2605,4,204
2882,1,712
3052,2,13
3086,2,22
3201,2,412
3323,1,19
3328,1,118
3536,1,1536
3805,1,102
3817,1,92
3824,1,187
3831,1,5
3858,1,955
3859,1,10
3860,1,33
3861,1,41
3862,1,181
3863,1,12
3864,1,4
3865,1,37
3866,1,19
3868,1,447
3869,1,109
3870,1,316
3871,1,914
3872,1,232
3873,1,156
3874,1,2749
3875,1,205
3880,1,383
3881,1,3610
3882,1,94
3883,1,486
3884,1,821
3885,1,9
3886,1,87
3887,1,373
3888,1,39
3889,1,23
3890,1,7
3893,1,284
3894,1,8
3895,1,134
3896,1,8
3897,1,606
3898,1,192
3899,1,23
3900,1,23
3901,1,79
3902,1,832
3903,1,73
3904,1,39
3905,1,11
3906,1,14
3907,1,289
3908,1,403
3909,1,12
3910,1,28
3911,1,1
3913,1,320
3914,1,431
3915,1,9
3916,1,9
3917,1,5
3918,1,298
3919,1,11
3923,1,215
3924,1,2300
3925,1,355
3926,1,188
3927,1,128
3928,1,181
3929,1,120
3934,1,1
3935,1,2
3936,1,36
3937,1,17
3938,1,14
3939,1,1
3965,1,95
3966,1,98
3967,1,56
3971,1,70
3972,1,73
4100,1,106
4102,1,68
4103,1,127
4104,1,42
4105,1,9
4106,1,43
3921,1,3
3385,2,7494
3876,1,566
3877,1,118
3878,1,549
1879,3,1222
2238,3,94095
2472,3,2494
3933,2,2887
202,4,325
203,3,847
211,3,611
609,6,459
633,3,3984
1458,3,8814
2148,3,112
2494,2,217
2596,4,3782
2601,1,4
2654,3,571
3461,2,30
3464,1,77
3726,1,1
3828,1,32
3930,1,1
3931,1,11
626,1,3061
4099,1,28
233,3,4475
4109,1,3654
4110,1,2752
4111,1,16
4112,1,54
4114,1,15733
4115,1,2673
628,4,2474
629,4,6662
630,4,5034
631,4,17182
632,4,435
641,8,12491
642,9,19096
643,5,16
645,4,8
647,5,86
648,5,2937
1119,5,1180
1260,8,7245
1261,3,63
1614,7,31
2106,2,5894
100,10,4064
655,2,4428
1176,5,3205
1362,2,54
1363,8,60
1367,2,15
1373,3,309
1375,4,13
1377,4,71
1379,2,10
1384,5,1258
1389,3,23
1390,5,12509
1398,5,53
1769,6,4427
1770,2,2
1775,7,166
1777,4,50
1783,3,1557
1785,2,24
1786,5,40
1789,1,1
1794,1,1581
2457,1,25
2459,2,9
2460,2,256
2544,2,397
2545,2,995
2963,2,2062
2969,2,221
3264,1,10
3352,1,9
3676,1,1
3825,1,81
246,4,75
2084,3,1087
77,11,811
85,8,157644
90,4,895
644,1,2
544,3,22
548,1,2
125,2,5306
762,2,4664
763,2,5248
764,2,3728
765,2,877
766,2,2306
769,2,266
770,2,3076
771,2,4387
772,2,3414
773,2,1969
775,2,3887
776,2,2002
783,2,6386
784,2,3638
786,2,5861
1922,2,373
287,3,217
292,6,33914
300,6,51177
306,3,35
309,3,1534
314,3,2401
315,4,125
316,3,250
319,4,4590
320,4,401
326,6,15095
328,4,135
330,1,47
334,3,133
338,2,1074
340,3,18
341,2,33
357,2,1420
359,1,125
371,1,100
372,2,21989
801,5,337408
802,1,677
803,2,70
931,1,334
106,4,47450
109,6,3379
112,1,350
500,1,80
967,2,216
205,1,33
2034,1,36
2062,2,108
2070,1,44
2128,1,6
299,3,522
335,2,91
566,2,7681
567,4,18739
568,2,17
569,3,1529
570,1,22515
571,3,63
574,2,45
576,1,19145
577,3,887
578,1,13656
579,2,26671
580,2,749
581,1,163
582,4,5842
583,1,17
585,2,2826
587,1,4073
588,1,9791
589,1,13909
590,1,2373
591,1,4641
640,1,631
691,2,742
692,2,1624
693,3,145
695,2,655
705,1,4
707,3,110
708,2,1068
709,2,6
710,1,7
711,1,1106
712,2,3344
714,1,38
715,2,3399
720,1,1179
721,1,13
722,2,3655
726,1,2
727,2,3855
728,1,4
730,2,217
731,1,1
734,2,28
741,1,10
746,1,2
750,3,55
754,1,4
800,2,23
836,1,287
853,2,97
885,2,304
925,1,51
952,3,25
955,2,312
1101,4,366
1102,1,6
1112,2,71
1154,1,2
814,1,34651
649,2,738
738,4,718
747,5,10435
980,5,905
1134,2,5
1135,2,45
228,4,323
235,3,963
240,4,372
1036,2,102
1037,1,6
573,1,1206
598,1,35
686,1,4912
688,1,2
704,1,3
713,1,24
717,1,1
719,1,1
723,2,154
732,1,1
735,1,89
736,1,3
740,2,42
757,1,2831
799,1,210
818,1,15
919,1,2087
922,1,3
923,2,935
924,2,5
957,1,11
991,1,157
1001,4,170
1020,1,1
1025,1,2
1027,2,4240
1049,5,7091
1051,1,1564
1063,1,68
1064,3,2242
1105,1,100
1107,1,5
1108,1,526
1109,1,3
1111,1,9
1113,1,53
1123,1,18
1124,3,1746
1126,1,965
1127,4,3059
1129,1,222
1130,1,16
1131,1,841
1132,1,18
1137,2,107
1144,2,107
1155,2,60044
1156,1,411
1158,2,461
1159,4,7479
1160,1,8
1161,3,2102
1189,4,55766
1266,6,273
1343,4,10
636,4,4342
538,1,87
658,1,19
660,2,3098
663,3,603
670,3,432
805,2,6
1014,3,265
1255,3,18
1256,3,1206
1591,9,3711
1715,1,11
1716,1,31
1717,1,665
1727,1,2
1728,1,6
1908,4,4311
1910,2,12
2026,2,987
2041,3,65
2120,1,2
2126,3,90
2433,1,8
2468,1,1
3432,1,3
1400,4,47289
1402,2,15756
1404,2,783
1419,2,1016
1420,2,977
1421,2,29
1422,2,1995
1428,5,152
1444,7,784
1449,1,1
1450,1,1
259,1,72
1177,5,197
1182,3,13
1356,2,13
1372,3,28
1741,4,201003
1766,6,8167
1779,4,51
1792,3,117
1544,2,630
1545,2,493
1547,1,55
1554,2,203
1555,2,1228
1557,4,110
1559,2,211
1568,1,1
1570,2,2120
1571,7,1708
1573,1,9
1574,2,110
1576,1,181
1577,2,37
1579,2,343
1584,1,2
1646,1,121
725,2,75
1008,1,3479
1060,1,20
1460,1,270
1462,2,1863
1464,1,98
1465,1,160
1466,1,81
1470,1,889
1471,4,1313
1472,1,19
1474,1,1
1475,1,14397
1477,2,56
1479,1,6
1480,1,302
1481,1,1
1482,1,13
1484,1,40
1485,1,2
1486,1,1
1490,1,14
1491,1,9
1497,3,751
1498,3,25223
1500,1,1902
1501,1,830
1502,1,313
1503,1,4136
1504,1,4
1506,1,2
1507,1,228
1511,1,234
1514,1,14
1515,1,180
1516,1,5
1518,1,113
1521,1,29
1523,1,1
1524,1,3
1525,1,1
1528,1,180
1529,1,257
1534,1,280
1535,1,3
1536,1,1709
1537,1,2
1538,1,213
1542,1,12
1587,2,17676
1588,1,2
1589,1,799
1590,1,101
1616,1,1
1617,2,41
1622,1,101
1623,1,2925
1627,1,7426
1630,1,2592
1631,1,60740
1632,1,1158
1633,1,268
1634,1,4747
1635,2,2764
1636,5,3666
1637,4,31909
1638,6,13002
1639,6,94640
1641,1,7
1660,1,18
1667,1,956
1672,1,23
1677,1,414
1678,1,92
1685,1,25
1686,1,304
1689,1,1
1690,1,1574
1692,1,195
1693,1,608
1696,1,1356
1697,1,7065
1698,1,13
1699,1,1
1706,2,2594
1708,2,48853
1709,1,13417
1710,1,92
1712,1,1
1714,1,6691
3076,1,17
191,3,590
1608,3,30
1609,2,433
1611,1,1
1612,3,4196
1613,3,26
391,1,18
140,5,10050
1387,3,37
1388,1,18
1592,2,11074
272,1,344
284,3,248
346,1,18
1451,1,118
1839,2,3287
1606,3,3
241,2,239
1749,1,18
1750,1,27
1751,1,161
430,3,1304
796,2,3080
1251,2,11
1257,1,471
1679,1,109
1736,4,444
1907,2,1363
1909,2,2828
1999,1,7747
2000,1,2
2027,2,9
2115,1,5
2121,1,3
2122,1,2922
2123,1,3
2124,2,1057
3089,2,129
354,1,4
751,1,39
961,2,106
962,2,218
1046,1,284
1755,1,56
1756,1,157
1757,1,1781
1759,1,5
1760,2,365
1761,2,25
1765,1,50
684,2,351
1038,1,353
1821,1,6402
1822,1,168
1825,1,6039
1826,1,86174
2074,2,183
2076,1,2
231,6,305
1806,3,133
2113,1,73
2116,1,20
424,2,281
1912,2,1920
1916,1,8
1920,1,655
1925,2,592
1928,1,545
1930,2,2
1932,1,4
1934,1,17
1935,2,30
1938,2,282
1940,2,255
1945,1,1
1946,2,16
1947,1,204
1948,2,142
1959,1,3
1962,2,7278
1965,3,151
1966,1,4
1967,1,1
1969,2,187
1972,2,13141
1975,1,1
1978,1,1
1982,1,1
1983,1,54
1984,2,15
1986,1,1
1987,1,6
1989,1,66
1990,1,17
1991,2,27
1992,1,5
1993,1,297
2002,1,1
2004,1,1
2005,1,43
2006,1,1
2007,2,20
2008,1,1
2009,1,4
2010,2,28
2014,1,3
2015,1,3
2016,1,2
2019,1,3
2021,1,5
2023,1,26
2024,2,2
2030,1,443
1866,3,52
1917,1,1
1921,1,1
1923,1,1
1927,1,3
1929,1,1
1931,1,32
1937,1,230
1939,1,26
1942,2,122
1950,1,2
1951,1,20
1955,1,22
1957,1,1
1963,1,92
1964,2,60
1970,1,5
1971,1,17
1973,1,5
2003,1,3
2017,1,8
2020,1,2
2028,1,85
2029,1,4
2031,1,3
87,1,365
255,1,805
792,7,2885
828,1,2
1994,2,2040
1997,1,748
1998,3,5484
2040,6,540
2091,1,1
2114,3,16875
2157,2,783
2244,1,136
2368,2,44
2373,1,63
3186,1,17785
3285,1,17321
2434,1,668
2435,1,1014
2436,1,480
225,1,4
229,3,273
230,1,14
247,1,6
252,2,340
280,1,995
295,1,47
296,1,19
297,1,350
301,2,2296
302,2,316
303,2,39
308,2,112
313,1,726
318,2,557
683,1,578
979,1,22
1100,1,95
1250,1,76
1253,1,69
1718,1,673
1719,1,3522
1720,1,199
1721,2,142
1722,3,968
1723,2,6
1724,1,29
1725,1,44
1730,1,22
1731,1,9
1733,1,12
1734,1,22
1735,1,20
1737,1,31
1738,3,2867
2090,1,295
2142,1,61
2144,1,5
2149,1,2
2093,2,68040
2094,2,365
2095,2,1436
2096,2,20123
2097,3,29714
2098,2,22986
2099,4,233847
2101,2,26191
1558,1,91
1572,1,12
1645,1,154
2108,1,7711
2109,1,13
2111,1,13
2112,1,9
2560,1,60
3073,1,79
3078,1,8
3084,1,1
3289,1,1
3290,1,1
620,1,41
2052,1,24
2117,2,3141
2118,2,1197
756,1,775
906,2,41
1098,1,70
1656,1,150
349,1,920
2138,2,230
2139,2,1942
2140,1,2589
2141,1,1688
2169,1,428
2432,1,3
984,1,11
2147,4,237
2252,1,23
279,2,78
486,1,311
1841,1,269
2129,1,197
2130,1,337
2131,1,2
2132,1,4994
2133,1,144
2135,1,11
2150,1,18
2158,1,53
2159,1,5
2480,2,83
2145,2,12
2146,2,45
2153,1,47295
2154,2,4364
2155,2,800
2156,1,104
2236,1,70
2243,1,281
1768,4,2175
1773,3,230
1797,1,58
2536,2,84
2542,2,40
2547,1,4324
2563,3,390
2232,1,1200
2233,1,6885
2844,1,1130
207,3,16
208,4,1437
3064,2,8
2246,2,48154
2247,2,13044
2248,2,24660
2410,1,13
1005,1,289
1814,1,463
2366,1,19117
2367,1,344
2371,3,1527
2430,1,10
2210,1,5
2421,1,1
2613,1,5
2614,1,3
2881,1,1630
3027,1,21
2498,4,13
1860,2,16
2178,3,11
2194,2,66
2479,3,43
2481,1,1
2484,1,3
2488,3,28
1798,4,3537
2443,1,75
2444,1,2
2445,1,32
2448,1,28
2449,1,7
2527,1,11907
2530,1,419
2549,3,45958
2550,1,960
2551,1,935
2557,1,1834
2558,1,3953
2559,1,2376
2561,1,21
2975,1,6
2976,1,34
2977,1,289
3005,1,8
3006,1,13
3036,1,66
3037,1,271
3038,1,12
3053,1,14748
3057,1,4
3058,1,20
3065,1,4
3066,1,4
3067,1,8
3068,1,165
3069,1,2
253,1,4
989,2,179
1175,5,23727
1569,1,12
2374,2,396
2427,4,226
2442,2,55087
2471,1,756
2593,4,86
2602,7,371
2796,1,6
2797,1,116
2798,1,454
2801,1,231
2802,1,1
2805,1,9
2806,1,3
2807,1,65
2810,1,53
2811,1,33
2812,1,5837
2813,1,5
2814,1,1
2817,1,5
2818,1,2542
2820,1,1
2823,1,27
2824,1,4
2825,1,184
2836,1,165
2839,1,3
2840,1,1089
2841,1,4923
2842,1,900
2855,2,55
2880,1,8
2956,1,60
2957,1,16
2971,1,7
3074,1,9
3075,1,28
3079,1,6
3083,1,36
3091,1,902
209,1,9
213,1,1
2489,1,32
2491,1,58
2492,1,10
2493,1,36
2497,1,138
2499,1,1
2503,1,63
2508,1,4
2509,1,5
2516,1,10
286,1,16
396,2,20
1452,2,7
1780,1,2
1782,1,1
1793,1,3
1796,1,28
2456,1,1
2476,3,367
2477,2,72
2478,1,22
1956,1,3
1851,1,850
2619,4,2639
2627,4,542
2780,3,149
3384,1,1288
3475,1,78
3492,1,8
2054,2,12
2162,1,2
2375,3,41
2426,3,24
2519,5,95
2520,4,519
2524,3,33
2526,1,1
2045,1,2
2053,3,25
2522,1,17
2523,1,1
2618,3,997
2622,4,329
2625,3,127
2626,1,151
2628,4,1753
2630,4,2558
2631,3,927
2634,3,36
2635,2,11
2636,2,8
2637,3,12
2638,2,9
2639,2,7
2640,3,662
2641,2,13
2649,3,4312
2651,4,2923
2652,2,269
2655,2,55
2658,2,2
2660,3,116
2661,3,52
2662,3,36
2666,3,6
2668,2,4
2671,3,75
2672,2,24
2673,2,7
2674,2,3
2682,2,9
2683,2,10
2684,2,8
2685,2,8
2688,3,6
2689,2,6
2690,2,3
2691,2,6
2694,2,27
2695,2,42
2696,2,13
2705,3,13
2706,2,10
2707,3,11
2708,2,32
2709,2,28
2710,1,4
2712,2,30
2713,2,34
2715,2,43
2716,2,4
2717,3,293
2718,3,103
2719,3,40
2720,2,22
2721,2,39
2722,2,5
2730,1,4
2735,1,5
2736,1,1
2743,2,42
2744,2,19
2745,1,2
2751,1,1
2754,2,10
2755,2,14
2757,1,1
2759,1,1
2761,1,1
2765,1,2
2767,1,1
2768,1,1
2770,1,1
2778,3,11
2781,3,70
2782,3,187
2783,3,122
2784,3,2250
2786,3,98
2788,3,123
2789,3,46
2940,3,14
2941,3,13
2942,3,31
2943,2,7
2950,2,247
2951,3,270
2953,2,17
2972,3,10
2973,3,38
3016,2,58
3017,3,672
3018,2,14
3024,1,1
1047,1,49
1580,1,31
2429,1,1
2889,1,124
2890,1,13
2891,1,10
2899,3,92
2952,1,23
2569,1,297
2570,1,5539
2571,1,37
2573,1,1405
2574,1,6
2575,1,493
2576,1,224
2577,1,107
2578,1,64
2579,1,125
2580,1,1962
2581,1,4230
2585,1,2
2586,1,396
2589,1,15
2591,2,50
2597,2,6
2599,5,17
2600,2,10
2607,3,8640
2608,3,23
2610,1,112
2791,1,18261
2792,1,6717
2592,2,2
1382,4,158
2165,1,29
1858,1,4272
368,1,17947
2845,1,2632
2847,2,135
2851,1,51
2856,1,4
2858,1,93
2862,1,1
2863,1,674
2864,1,3
2866,1,51
2867,1,448
2869,1,4
2877,1,30
2879,1,1302
2896,1,1
2904,1,8
2919,1,3
2925,1,1
2929,1,1
2930,1,11
2932,1,1
2933,1,935
2937,1,1
2939,1,1044
2978,1,6
2980,1,1
2994,1,62
3015,1,1409
3313,1,117
217,2,37
1539,1,12
2451,3,6492
2965,1,570
2966,1,502
2967,1,85
2968,1,41
2970,1,48
3020,1,34
3028,1,21
3059,1,3
2437,1,1410
2170,1,1
2082,1,17
3039,1,595
3040,1,18
3041,1,26
2620,1,12
2642,2,3
2643,2,32
2646,2,3
2648,2,189
2664,1,6
2665,1,8
2667,1,1
2669,1,2
2675,1,1
2676,1,2
2677,1,1
2678,1,1
2699,1,13
2700,1,1
2714,1,15
2724,1,11
2725,1,2
2726,1,2
2750,1,1
2753,1,1
2773,1,1
2944,1,1
2945,1,1
3023,1,1
3025,1,1
3029,2,894
3030,1,10
3031,1,5
3032,1,50
3033,1,1
3034,2,33
3035,2,12
3253,1,36
2632,1,2
2633,1,5
2647,1,91
2650,1,4077
2657,1,56
2763,1,1
2764,1,1
2766,1,1
1801,1,944
2826,1,691
3080,1,13275
3081,1,569
3082,1,15
3377,1,64
3378,1,173
289,1,18
291,1,133
2470,1,72
4203,1,36
3087,1,5735
3092,1,4
3093,1,1217
3094,1,1011
3095,1,38
3098,1,208
3099,1,818
3101,1,512
3102,1,780
3103,1,1544
3104,1,121
3105,1,155
3107,1,768
3108,1,177
3109,1,3662
3110,1,16
3111,1,153
3112,1,97
3113,1,5
3114,1,105
3116,1,1982
3117,1,384
3118,2,24
3119,1,16
3120,1,191
3121,1,479
3122,1,32642
3085,1,1678
3296,1,44
3299,1,5237
3300,1,74
3301,1,328
3302,1,2870
3303,1,99
3304,1,77
3305,1,566
3306,1,23
3192,1,285
3194,1,394
3195,1,4940
3196,1,40
3197,1,830
3200,1,28
3204,1,19257
3205,1,129
3088,1,55
2207,2,1109
1150,1,9
3129,1,111
3131,1,357
3133,1,236
3134,1,14
3135,1,3223
3136,1,4
3137,1,25
3138,1,17
3139,1,753
3141,1,546
3143,1,88
3150,1,187
3151,1,300
3152,1,238
3153,1,19
3154,1,164
3155,1,151
3156,1,4638
3157,1,1073
3158,1,271
3159,1,62
3160,1,28
3161,1,27
3162,1,232
3163,1,330
3164,1,260
3165,1,38
3179,1,66
3180,1,29
3254,1,110
195,1,102
198,1,3
210,1,9
215,1,6
219,1,255
269,1,29
339,1,13
2567,1,282
2829,1,17
